"waiting","pub","pub_number"
5.8965695879268,"The Berkeley",1
8.82213597647739,"The Berkeley",1
4.52189121751075,"The Berkeley",1
6.6568445410944,"The Berkeley",1
1.00588343292475,"The Berkeley",1
1.29678035899997,"The Berkeley",1
0.630697506360811,"The Gallimaufry",2
3.31269540580663,"The Gallimaufry",2
0.828961919760332,"The Gallimaufry",2
2.22633383809317,"The Gallimaufry",2
0.711169834244938,"The Gallimaufry",2
1.68349611922167,"The Gallimaufry",2
0.409426691476256,"The Gallimaufry",2
15.6889250121059,"The Milk Thistle",3
2.69624698674306,"The Milk Thistle",3
1.86361741041765,"The Milk Thistle",3
4.81304648776954,"The Milk Thistle",3
